raw_name,team_id,display_name,source
AZ Arsenal Pre-ECNL B15,163451,AZ Arsenal Pre-ECNL B15,master_list
Chelsea 15B,334055,Chelsea 15B,master_list
Phoenix United 2015 Elite,367030,Phoenix United 2015 Elite,master_list
Southeast 2015 Boys Red,288452,Southeast 2015 Boys Red,master_list
Southeast 2015 Boys Black,238249,Southeast 2015 Boys Black,master_list
Northwest 2015 Boys Black,486579,Northwest 2015 Boys Black,master_list
BRAZAS FC 2015 Boys Black,615532,BRAZAS FC 2015 Boys Black,master_list
15B AChacon Pre-MLS Next,80237,15B AChacon Pre-MLS Next,master_list
CCV Stars 15 Boys North Pre-ECNL,128642,CCV Stars 15 Boys North Pre-ECNL,master_list
Phoenix Premier FC 15B Black,57044,Phoenix Premier FC 15B Black,master_list
State 48 FC Avondale 15 Copper,469906,State 48 FC Avondale 15 Copper,master_list
State 48 FC 15 Elite,261196,State 48 FC 15 Elite,master_list
FCDA 2015B Pre - Academy,208438,FCDA 2015B Pre - Academy,master_list
Southeast 2015 Boys Green,501668,Southeast 2015 Boys Green,master_list
Scottsdale 15 Sandsharks Select,151833,Scottsdale 15 Sandsharks Select,master_list
Northwest 2015 Boys Red,501674,Northwest 2015 Boys Red,master_list
Southeast 2015 Boys Blue,307803,Southeast 2015 Boys Blue,master_list
15B Garza Pre MLS Next,202919,15B Garza Pre MLS Next,master_list
AZSC 2015B Navy,80006,AZSC 2015B Navy,master_list
CCV Stars 15 Boys West Pre-ECNL,259031,CCV Stars 15 Boys West Pre-ECNL,master_list
PRFC West Valley 15B Pre-Academy,120248,PRFC West Valley 15B Pre-Academy,master_list
15 Pre-MLS Next #1,304059,15 Pre-MLS Next #1,master_list
PRFC Scottsdale 15B Pre-Academy,129169,PRFC Scottsdale 15B Pre-Academy,master_list
PRFC Southeast Valley 15B Pre-Academy,129374,PRFC Southeast Valley 15B Pre-Academy,master_list
15 Boys Navy,166516,15 Boys Navy,master_list
PSG 15B Blue,373024,PSG 15B Blue,master_list
U-11 (2015) San Luis Boys Pre Academy,454795,U-11 (2015) San Luis Boys Pre Academy,master_list
Excel Soccer Academy 15B Red,306056,Excel Soccer Academy 15B Red,master_list
PRFC Scottsdale 15B Predator,259313,PRFC Scottsdale 15B Predator,master_list
15B OMolina,252018,15B OMolina,master_list
PRFC Scottsdale 15B Copa,259314,PRFC Scottsdale 15B Copa,master_list
PRFC North Valley 15B Predator,260959,PRFC North Valley 15B Predator,master_list
Tuzos Academy Mesa 2015,385524,Tuzos Academy Mesa 2015,master_list
Phoenix United 2015 Academy,367035,Phoenix United 2015 Academy,master_list
2015 Boys Blue,367902,2015 Boys Blue,master_list
CCV Stars 15 Boys North Orange,128643,CCV Stars 15 Boys North Orange,master_list
West Valley 2015 Boys Valencia Pre-Premier,305345,West Valley 2015 Boys Valencia Pre-Premier,master_list
15B DGerman,80240,15B DGerman,master_list
15B Rayados Blue,546436,15B Rayados Blue,master_list
15B Jason Pre MLS Next,558242,15B Jason Pre MLS Next,master_list
CDO 15B Premier,284382,CDO 15B Premier,master_list
CCV Stars 15 Boys South Pre-ECNL,259054,CCV Stars 15 Boys South Pre-ECNL,master_list
Dynamos SC 15B Gold,152078,Dynamos SC 15B Gold,master_list
Tuzos USA 2015A,220089,Tuzos USA 2015A,master_list
AZSC 2015B White,80005,AZSC 2015B White,master_list
East Valley NSFC 15 Boys Tiggs,78766,East Valley NSFC 15 Boys Tiggs,master_list
Deportivo Coras USA 2015,178607,Deportivo Coras USA 2015,master_list
West Valley 2015 Boys Rose,444284,West Valley 2015 Boys Rose,master_list
Madison FC 15 Gold Boys,253825,Madison FC 15 Gold Boys,master_list
15 Pre-MLS Next #2,304060,15 Pre-MLS Next #2,master_list
15 Boys Soul Warriors,395681,15 Boys Soul Warriors,master_list
PRFC Desert Foothills 15B Predator,255974,PRFC Desert Foothills 15B Predator,master_list
15B NJMarkette,135022,15B NJMarkette,master_list
Synergy FC 15/16B Montone,497757,Synergy FC 15/16B Montone,master_list
Dynamos SC 15B SC,126695,Dynamos SC 15B SC,master_list
PRFC West Valley 15B Predator,120282,PRFC West Valley 15B Predator,master_list
La Piedad FC 2015,533848,La Piedad FC 2015,master_list
Pima Surf Academy Boys 15,326440,Pima Surf Academy Boys 15,master_list
West Valley 15/16B,521210,West Valley 15/16B,master_list
Tuzos Nogales 2015,546274,Tuzos Nogales 2015,master_list
15 Boys National League #1,275533,15 Boys National League #1,master_list
15B NMarkette Pre-MLS Next,82323,15B NMarkette Pre-MLS Next,master_list
VSC 2015 Boys Green,305497,VSC 2015 Boys Green,master_list
AZ Thundercats 2015,562204,AZ Thundercats 2015,master_list
Tuzos Edwin 2015,319586,Tuzos Edwin 2015,master_list
Pumas Tucson 15B,419544,Pumas Tucson 15B,master_list
FDI 2015,513843,FDI 2015,master_list
15/16B Valenzuela Nogales,541851,15/16B Valenzuela Nogales,master_list
U-11 (2015) Boys Pre Academy Blue,383405,U-11 (2015) Boys Pre Academy Blue,master_list
Select 15B Red,521426,Select 15B Red,master_list
CDO 15B Elite,398193,CDO 15B Elite,master_list
AZ Arsenal Pre-ECNL RL B15,254492,AZ Arsenal Pre-ECNL RL B15,master_list
Brazas 2015 Boys Gold Diego Rangel,250958,Brazas 2015 Boys Gold Diego Rangel,master_list
15B Echanove,413798,15B Echanove,master_list
15B Hinds,492115,15B Hinds,master_list
CCV Stars 15 Boys North Navy,128644,CCV Stars 15 Boys North Navy,master_list
Deportivo Mexico 15B,558129,Deportivo Mexico 15B,master_list
2015 Rush Boys,370615,2015 Rush Boys,master_list
Tuzos Royals 14 Academy,ext_eba7b54db4ed,Tuzos Royals 14 Academy,external
15B Laroussi,ext_c658dff40023,15B Laroussi,external
FC Hawaii 14B Red,ext_2862af207393,FC Hawaii 14B Red,external
CDO 14B Elite,ext_53d57c9e8b8b,CDO 14B Elite,external
Monsters 2014,ext_bc47b859cb0c,Monsters 2014,external
VSC 2015 Boys Black,ext_2a94c8008083,VSC 2015 Boys Black,external
B-15 Alexis,ext_60da6b9b83a9,B-15 Alexis,external
PRFC West Valley 15B Copa,ext_01d5bcc5fb18,PRFC West Valley 15B Copa,external
Las Vegas Sports Academy U11 Boys Red 2015,ext_298641a2f91c,Las Vegas Sports Academy U11 Boys Red 2015,external
Amore 2014 Boys,ext_f26b6a6fbba2,Amore 2014 Boys,external
PRFC West Valley 15B Samba,ext_13fc4a5c28d9,PRFC West Valley 15B Samba,external
Next Level Soccer Northwest 2015 Girls Black,ext_b3fdf99bacda,Next Level Soccer Northwest 2015 Girls Black,external
Prescott Predators 15B Leick,ext_c8550b77794f,Prescott Predators 15B Leick,external
AZ Arsenal 14 Boys Teal 2 AP,ext_a870adb26730,AZ Arsenal 14 Boys Teal 2 AP,external
14 ECNL #1,ext_2ce518ed93ac,14 ECNL #1,external
Playmaker Futbol Academy 14B Gold,ext_ad80101af141,Playmaker Futbol Academy 14B Gold,external
Pima Surf Academy Boys 15/16,ext_b3b2d3a4e38d,Pima Surf Academy Boys 15/16,external
Tuzos CR,ext_8593835b521d,Tuzos CR,external
PRFC West Valley 14B Pre-Academy,ext_d8d979307a5f,PRFC West Valley 14B Pre-Academy,external
2014 Boys Red,ext_5032a5866216,2014 Boys Red,external
West Valley 2014 Boys Martinez Pre-Elite64,ext_eda4a5fe2924,West Valley 2014 Boys Martinez Pre-Elite64,external
Dynamos SC 14B SC,ext_2793cbb1c808,Dynamos SC 14B SC,external
East Valley NSFC 14 Boys Tiggs,ext_298e9971cde6,East Valley NSFC 14 Boys Tiggs,external
14B OMolina,ext_84d5fe7d1424,14B OMolina,external
Madison FC 14 Gold Boys Storm,ext_f2a772761001,Madison FC 14 Gold Boys Storm,external
Sting Pre ECNL B15 O Reyes,ext_6c4eb8a15211,Sting Pre ECNL B15 O Reyes,external
Phoenix United 14 Elite,ext_b91de01c76d2,Phoenix United 14 Elite,external
16B Midhaan,ext_8eb3980a932b,16B Midhaan,external
EXCEL24FallU9U10B1Overlin,ext_2d716668a496,EXCEL24FallU9U10B1Overlin,external
Tuzos Legacy 2015,ext_8e0658a3bfe0,Tuzos Legacy 2015,external
AZEV B2015 (NAVY),ext_42b79b39d5d1,AZEV B2015 (NAVY),external
NM Rapids 14B Dukes,ext_6e55740473a9,NM Rapids 14B Dukes,external
CCV STARS 15 Boys Navy SUR,ext_f20b62fe0d7b,CCV STARS 15 Boys Navy SUR,external
Empire 15B,ext_0b0bc03c0e9e,Empire 15B,external
Union Maricopa 2016 Net Ninjas Selects,ext_f86020470c1d,Union Maricopa 2016 Net Ninjas Selects,external
Desert xolos,ext_c965133f7caa,Desert xolos,external
PRFC Scottsdale 15B Gazelle,ext_03f145ea8935,PRFC Scottsdale 15B Gazelle,external
2016B Locomotive EPPL Valcarcel-LC,ext_469c0168b0ec,2016B Locomotive EPPL Valcarcel-LC,external
OJB FC 2015 Boys*,ext_5d0a1953451e,OJB FC 2015 Boys*,external
15B Silver,ext_e51e2ff1f84a,15B Silver,external
2015 Locomotive Blue,ext_f546c590f8e3,2015 Locomotive Blue,external
15B Blue Montoya #2,ext_00a908e4dfad,15B Blue Montoya #2,external
ALBION SC Las Vegas B15 Academy IV,ext_0a61e729bb65,ALBION SC Las Vegas B15 Academy IV,external
CCV STARS 14 Boys EAV,ext_935d25db7f5e,CCV STARS 14 Boys EAV,external
CCV STARS 14 Boys Orange LAV,ext_7f810dd89dd5,CCV STARS 14 Boys Orange LAV,external
FC Elite Arizona 2015 Boys,ext_6708a39abcfc,FC Elite Arizona 2015 Boys,external
RSLAZ Southern Rayados Az 2015 Red,ext_3b151952e472,RSLAZ Southern Rayados Az 2015 Red,external
PRFC Scottsdale 14B Predator,ext_e547de598536,PRFC Scottsdale 14B Predator,external
2015B Pre-MLS,ext_ad56dfe2dd0f,2015B Pre-MLS,external
AZ Arsenal 15 Boys Teal BD,ext_ef6002a9b570,AZ Arsenal 15 Boys Teal BD,external
FC Arizona 15B Black GFC Cuevas U11,ext_77a40825c134,FC Arizona 15B Black GFC Cuevas U11,external
Legends FC AZ 15B FC,ext_ba55299c403d,Legends FC AZ 15B FC,external
PRFC North Valley 14B PreAcademy,ext_9d7668653d22,PRFC North Valley 14B PreAcademy,external
AZ Arsenal 14 Boys Teal 1,ext_3ea2a1a9c8cb,AZ Arsenal 14 Boys Teal 1,external
Tuzos Halcones 2014,ext_4f4bd5cf2ba9,Tuzos Halcones 2014,external
Pima Surf Academy Boys 14,ext_befadddcb082,Pima Surf Academy Boys 14,external
15B Blue West #2,ext_a27dc714eb30,15B Blue West #2,external
MVLA_NV 2015 Boys,ext_ad85b4da4a84,MVLA_NV 2015 Boys,external
Black Conshy '15 (B),ext_0902deb15946,Black Conshy '15 (B),external
BRAZAS FC 2015 Boys Black Pacifico,ext_f6e8053eb8a9,BRAZAS FC 2015 Boys Black Pacifico,external
15 Pre-MLS Next Tier #1,ext_53c821ba6a64,15 Pre-MLS Next Tier #1,external
Colegio Alerce,ext_b44dd790853e,Colegio Alerce,external
15B NMarkette,ext_47870a25623b,15B NMarkette,external
REAL AZ,ext_2577a8083832,REAL AZ,external
14B Blue #1,ext_cfc9e5428af0,14B Blue #1,external
Chelsea 15B2,ext_1b37e7d659e4,Chelsea 15B2,external
Hustle Hard 2014- Boys,ext_534cdf51e821,Hustle Hard 2014- Boys,external
Kingman SC 2015-Gonzalez,ext_31bbe5ec69e7,Kingman SC 2015-Gonzalez,external
NOS Santos 14 Boys White,ext_fcb6da972c4c,NOS Santos 14 Boys White,external
2015B Locomotive EPPL Gallegos,ext_bf5067241437,2015B Locomotive EPPL Gallegos,external
CCV STARS 15 Boys Orange SUR,ext_1f0a2432d634,CCV STARS 15 Boys Orange SUR,external
CCV STARS 15 Boys Orange PEO,ext_bf2b2566d0ee,CCV STARS 15 Boys Orange PEO,external
Phoenix United 2014 Academy,ext_bcdd12b5ad0d,Phoenix United 2014 Academy,external
Magnifico FC B15P,ext_a2252cadd222,Magnifico FC B15P,external
AZSC 15B Gold,ext_2149140e6ac1,AZSC 15B Gold,external
PRFC North Valley 16B Predator,ext_429a5cfcefe5,PRFC North Valley 16B Predator,external
EXCEL24FallU11B2Eggleston,ext_690b0d965c84,EXCEL24FallU11B2Eggleston,external
VILLARREAL LV U10 YELLOW,ext_8fb679c51baa,VILLARREAL LV U10 YELLOW,external
Fallbrook Villa FC B2015 Blue,ext_42031cafb1fb,Fallbrook Villa FC B2015 Blue,external
Phoenix Premier FC 14B CG,ext_1a87163446d3,Phoenix Premier FC 14B CG,external
Utah United Academy 2014,ext_8c7315d660df,Utah United Academy 2014,external
SD Surf Academy Boys 2015 (Ericson),ext_724bc63d7fa7,SD Surf Academy Boys 2015 (Ericson),external
Vegas United ‘15 Boys Academy,ext_4fcb6ad83e44,Vegas United ‘15 Boys Academy,external
Southeast 2016 Boys Black,ext_331192f78eaa,Southeast 2016 Boys Black,external
Excel Soccer Academy 14 Black,ext_d7b12f4886c8,Excel Soccer Academy 14 Black,external
West Valley 2015 Boys Valencia Pre-Elite 64,ext_7a46447f10c3,West Valley 2015 Boys Valencia Pre-Elite 64,external
NM Rapids ROMA 2015,ext_3848bc5001fe,NM Rapids ROMA 2015,external
State 48 FC 15 Copper,ext_ee2fe6ece962,State 48 FC 15 Copper,external
AZ Arsenal 14 Boys Teal 2 PJ,ext_77891b048e66,AZ Arsenal 14 Boys Teal 2 PJ,external
Tuzos 2014 Nava,ext_075e08b9ccc8,Tuzos 2014 Nava,external
Phoenix Premier FC 14B White,ext_32eb9976cd36,Phoenix Premier FC 14B White,external
Playmaker Futbol Academy PRE-ECNL B14,ext_df95e57f5a6a,Playmaker Futbol Academy PRE-ECNL B14,external
14B Moore,ext_96cc897800d7,14B Moore,external
Allen U9/U10,ext_22004dc0907b,Allen U9/U10,external
CDI AlFaEs 2015,ext_11695298ddbb,CDI AlFaEs 2015,external
St. Louis Scott Gallagher MO B 2015 Academy Green,ext_816b0fb1b6c9,St. Louis Scott Gallagher MO B 2015 Academy Green,external
Tuzos Mesa A,ext_6f02e932c0dd,Tuzos Mesa A,external
VILLARREAL LV U11 WHITE-BA,ext_e7449016e502,VILLARREAL LV U11 WHITE-BA,external
Tuzos Academy Mesa 2014,ext_e70de23f603b,Tuzos Academy Mesa 2014,external
U-10 (2015) Boys San Luis,ext_15bf4284c862,U-10 (2015) Boys San Luis,external
Next Level Soccer Northwest 2016 Boys,ext_b17de7dcab33,Next Level Soccer Northwest 2016 Boys,external
Dorados Reserve 2015,ext_730d95a8f18e,Dorados Reserve 2015,external
ELI7E FC- ELITE 2014,ext_f8844f9b220b,ELI7E FC- ELITE 2014,external
Verde Valley United FC- U10 Boys,ext_1bb76fd64ae9,Verde Valley United FC- U10 Boys,external
15 Black DW,ext_d516a558a34c,15 Black DW,external
PRFC Southeast Valley 14B Predator,ext_205b9415ebfb,PRFC Southeast Valley 14B Predator,external
Next Level Soccer Southeast 2014 Boys Blue,ext_8658f5de18c1,Next Level Soccer Southeast 2014 Boys Blue,external
AZ Arsenal 16 Boys Teal DB,ext_268c435ac384,AZ Arsenal 16 Boys Teal DB,external
Premier Touch FC IE B15,ext_290863e81165,Premier Touch FC IE B15,external
Rangers 15B,ext_00d30ddfa344,Rangers 15B,external
FCDA 15B Pre - Academy,ext_05c588605eb7,FCDA 15B Pre - Academy,external
PRFC 15B Godsey,ext_e1f74ad37bdd,PRFC 15B Godsey,external
15B Garza/Bernal 2,ext_91c383874ec8,15B Garza/Bernal 2,external
EXCEL25WU11B1Lee,ext_c08cef160309,EXCEL25WU11B1Lee,external
Raiders FC 2015,ext_3c7f1cdbd3f7,Raiders FC 2015,external
U-11 (2014) Boys Yuma,ext_ef49e73f1a8d,U-11 (2014) Boys Yuma,external
State 48 FC Verrado 15 White,ext_fcc5f3c9efe4,State 48 FC Verrado 15 White,external
14B JCFresquez Pre-MLS Next,ext_216a69a16039,14B JCFresquez Pre-MLS Next,external
Legends FC AZ 16B FC,ext_ac8d8bc7cf51,Legends FC AZ 16B FC,external
Magnifico FC B15E,ext_5e3358af7575,Magnifico FC B15E,external
15B Simbron,ext_e8cea3bb6919,15B Simbron,external
16B Mendez GSA,ext_c149f95d8be0,16B Mendez GSA,external
Brazas 2014 Boys Black Marcos,ext_eba2d9622a2b,Brazas 2014 Boys Black Marcos,external
B15 Pre Academy,ext_b9eb82a6ef7c,B15 Pre Academy,external
CAC 14/15B (Conroy),ext_9e809becc546,CAC 14/15B (Conroy),external
Kingman SC B2015-Strikers,ext_cb127340133d,Kingman SC B2015-Strikers,external
VR 2015 Boys,ext_82eacc870075,VR 2015 Boys,external
FSC United 14 Boys,ext_7ca9b4b15958,FSC United 14 Boys,external
Northwest 2015 Boys Blue,ext_17bbf25cb7e0,Northwest 2015 Boys Blue,external
16B Albelais,ext_450ad0557734,16B Albelais,external
Renegades 15B,ext_45ff3abac041,Renegades 15B,external
Inter Fc 2016-2015,ext_2d6619a22e56,Inter Fc 2016-2015,external
BVB International Academy - BVB15 - Black,ext_debcd435ac1b,BVB International Academy - BVB15 - Black,external
CCV STARS 15 Boys White PEO,ext_069c0301b805,CCV STARS 15 Boys White PEO,external
SC Del Sol San Luis,ext_a711a0cb3b5c,SC Del Sol San Luis,external
Huracan,ext_bceb5d529e79,Huracan,external
2014B West,ext_8b46eb41b149,2014B West,external
PRFC Desert Foothills 15B Copa,ext_8617437ad2e6,PRFC Desert Foothills 15B Copa,external
AZ Arsenal 15 Boys Teal 1 JZ,ext_6af33d73d490,AZ Arsenal 15 Boys Teal 1 JZ,external
U-11 (2014) Boys Pre Academy,ext_dd5c11e516ac,U-11 (2014) Boys Pre Academy,external
AZ Arsenal 14 Boys AYDP,ext_782b73d03c9d,AZ Arsenal 14 Boys AYDP,external
14 Coed Mean Green,ext_da6e894f7d23,14 Coed Mean Green,external
Strikers FC Irvine 2015 Ba,ext_1c22713e3367,Strikers FC Irvine 2015 Ba,external
CDO 16B Alliance,ext_a81afc7c988e,CDO 16B Alliance,external
Westside United Scorpions,ext_117d6cc7e92c,Westside United Scorpions,external
SC Del Sol Ruiz 2015,ext_b73b37f11efa,SC Del Sol Ruiz 2015,external
2014 Boys Blue,ext_7a62f8b6be19,2014 Boys Blue,external
AZSC 15B White,ext_cac06e1b4ff0,AZSC 15B White,external
2015/16B Valenzuela Nogales,ext_7a2fd0b51359,2015/16B Valenzuela Nogales,external
2014 Academy I,ext_b1d30bb4467e,2014 Academy I,external
Deportivo Mexico 14B,ext_40105c3d0600,Deportivo Mexico 14B,external
14B Jimmy,ext_c20551007f3d,14B Jimmy,external
14 Cityzens,ext_58b56fba7d07,14 Cityzens,external
Tuzos 2015 Nava,ext_cecd2d237654,Tuzos 2015 Nava,external
Scottsdale 14 Sandsharks Black,ext_316dd0e0851b,Scottsdale 14 Sandsharks Black,external
PRFC West Valley 14B Predator,ext_90cdf9c39bf7,PRFC West Valley 14B Predator,external
AZ Arsenal 15 Boys Teal CE,ext_a6744e49c44b,AZ Arsenal 15 Boys Teal CE,external
EV-NSFC 15 Boys Tiggs(2),ext_efc644ea85b8,EV-NSFC 15 Boys Tiggs(2),external
2014B Claret,ext_b5a072ddc21b,2014B Claret,external
Phoenix Premier FC 15B CG,ext_38e8d44a7fb2,Phoenix Premier FC 15B CG,external
BVBIA ARIZONA BLACK & YELLOW 2015,ext_301024af5b29,BVBIA ARIZONA BLACK & YELLOW 2015,external
So Cal Eagles Boys 2014C,ext_d8712158aedd,So Cal Eagles Boys 2014C,external
15B Overlin,ext_94d426a10150,15B Overlin,external
LAFC SoCal B2015 GOLD,ext_6f6b0784c242,LAFC SoCal B2015 GOLD,external
Premier Touch FC LB B15,ext_170482ec6dd6,Premier Touch FC LB B15,external
Juaritos MX,ext_2ac7812ee349,Juaritos MX,external
15G Pre-ECNL Jeffers Royals,ext_325129cae433,15G Pre-ECNL Jeffers Royals,external
Next Level Soccer Southeast 2014 Boys Green,ext_0b08ef949520,Next Level Soccer Southeast 2014 Boys Green,external
14B Blue #2,ext_b29816b7562d,14B Blue #2,external
Phoenix Premier FC 15B White,ext_b27030ed1547,Phoenix Premier FC 15B White,external
PRFC Scottsdale 16B Predator,ext_bcca8534da3e,PRFC Scottsdale 16B Predator,external
Kingman SC B14 McGill,ext_d9f72c2c6d50,Kingman SC B14 McGill,external
CCV Stars 15 Boys South Orange,ext_9b2a2c4bf372,CCV Stars 15 Boys South Orange,external
Tornados FC,ext_696d27e3f260,Tornados FC,external
14B Castro Rueda,ext_1434b5444131,14B Castro Rueda,external
ESC 2016,ext_9205237ff265,ESC 2016,external
Playmaker Futbol Academy 15B Gold,ext_62dc40e6a923,Playmaker Futbol Academy 15B Gold,external
AZ Arsenal 15 Boys Select,ext_901fb1307646,AZ Arsenal 15 Boys Select,external
LAIFC B2015,ext_76fb4b9d0d2c,LAIFC B2015,external
RAYADOS LAS VEGAS SOCCER ACADEMY 2015 BLUE,ext_82c5593bd52f,RAYADOS LAS VEGAS SOCCER ACADEMY 2015 BLUE,external
Next Level Soccer Northwest 2015 Boys Black,ext_d8db09ea645e,Next Level Soccer Northwest 2015 Boys Black,external
HW LA Surf B2014 Black,ext_389c8952bf9c,HW LA Surf B2014 Black,external
NSFC 14 Boys Aguirre,ext_2ab599a37b14,NSFC 14 Boys Aguirre,external
14B E64 #2,ext_6b116fa2d53e,14B E64 #2,external
Excel Soccer Academy 14 Red,ext_74b969ae9480,Excel Soccer Academy 14 Red,external
AZ Arsenal 15 Boys Teal 1 OC,ext_93a5e83cde2f,AZ Arsenal 15 Boys Teal 1 OC,external
AYSO 1079 2015 Boys,ext_08d874d67603,AYSO 1079 2015 Boys,external
15B Bernal/Garza 2,ext_835d0bec7c9a,15B Bernal/Garza 2,external
AZ Thundercats 2014,ext_76399f70f33e,AZ Thundercats 2014,external
CCV STARS 14 Boys Navy SUR,ext_d8f1d5e7463a,CCV STARS 14 Boys Navy SUR,external
NOS Santos 14 Boys Blue,ext_4af60b57fe8d,NOS Santos 14 Boys Blue,external
RSL-AZ South 15B Corral,ext_e62b41206c35,RSL-AZ South 15B Corral,external
15B Blue Montoya #1,ext_8ca130ddaf6b,15B Blue Montoya #1,external
Las Vegas Sports Academy U10 Boys Red 2015,ext_e0c6b0432b25,Las Vegas Sports Academy U10 Boys Red 2015,external
PSC 2015B,ext_350301221830,PSC 2015B,external
2015 Locomotive Gold,ext_bfc8af63c15c,2015 Locomotive Gold,external
Atletico Tuzos Mesa 13/14,ext_d964396f77d4,Atletico Tuzos Mesa 13/14,external
AZSC 15B Navy,ext_575de42aaeb1,AZSC 15B Navy,external
AZ Arsenal 15 Boys Teal SH,ext_b8600c366e99,AZ Arsenal 15 Boys Teal SH,external
RSLAZ Southern 15B Rayados White,ext_9cba8fc50887,RSLAZ Southern 15B Rayados White,external
PRFC Scottsdale 14B Copa,ext_baf00045e38f,PRFC Scottsdale 14B Copa,external
Phoenix 15/16B Blue,ext_2b83e636fa76,Phoenix 15/16B Blue,external
Bridgeview Academy 2015,ext_c74523927a22,Bridgeview Academy 2015,external
SE 2015 Black,ext_45690ebe03ff,SE 2015 Black,external
NOS Santos 15 Boys Blue,ext_f1f467d891b6,NOS Santos 15 Boys Blue,external
2014/15 Boys (Pena),ext_9ba4a8de6b6e,2014/15 Boys (Pena),external
RYSC 2015,ext_10675a2d3386,RYSC 2015,external
AZ Arsenal 16 Boys Teal OC,ext_8f8c5848ae2d,AZ Arsenal 16 Boys Teal OC,external
State 48 FC Verrado 15/16 Black,ext_806e0c7229b2,State 48 FC Verrado 15/16 Black,external
2014 Timbers Elite,ext_087d26aa98d3,2014 Timbers Elite,external
2014 Rush Boys,ext_82c38a697692,2014 Rush Boys,external
RSL-AZ Yuma 15 Boys Patino WHITE,ext_43cc0eb616de,RSL-AZ Yuma 15 Boys Patino WHITE,external
CCV Stars 14 Boys South Pre-ECNL,ext_82bbf7a7a88c,CCV Stars 14 Boys South Pre-ECNL,external
PRFC Southeast Valley 15B Predator-Central,ext_ccd9779b9ef5,PRFC Southeast Valley 15B Predator-Central,external
ALBION SC San Diego B15 academy IIII,ext_475d4b72c7ad,ALBION SC San Diego B15 academy IIII,external
14 ECNL #2,ext_4463a2d0ea5b,14 ECNL #2,external
Club Campestre Juárez U10 Azul,ext_72e9446747a1,Club Campestre Juárez U10 Azul,external
Eastside FC B16 Red,ext_a6cb12fc13c9,Eastside FC B16 Red,external
14B Velasco,ext_abfc48175092,14B Velasco,external
Brazas 2015 Boys White Diego Lopez,ext_636c9ee14722,Brazas 2015 Boys White Diego Lopez,external
15B Blue 3rd #1,ext_949ab3aa2edc,15B Blue 3rd #1,external
B15 Premier NK,ext_34dd1a82fdca,B15 Premier NK,external
FC ARIZONA 14 GFC VELAZCO,ext_541d69648586,FC ARIZONA 14 GFC VELAZCO,external
2015 - Liverpool,ext_f81d6a53bea6,2015 - Liverpool,external
Philadelphia Union Junior Academy 2015,ext_1a34d7cb350a,Philadelphia Union Junior Academy 2015,external
Legends FC AZ 14B Gold,ext_3509ada6646e,Legends FC AZ 14B Gold,external
AZ Arsenal 14 Boys Teal 2 SC,ext_30cc304011d9,AZ Arsenal 14 Boys Teal 2 SC,external
Next Level Soccer Southeast 2014 Boys Red,ext_4458434e2027,Next Level Soccer Southeast 2014 Boys Red,external
Yellow ,ext_71b6244c2a89,Yellow ,external
ALFAES 2014,ext_6062a1476dd9,ALFAES 2014,external
CCV STARS 14 Boys Navy PEO,ext_8dbb602d7b14,CCV STARS 14 Boys Navy PEO,external
Alianza 2014 B black,ext_8e07ced5ca28,Alianza 2014 B black,external
FC Elite Arizona 2014 Boys,ext_2c408e1d5523,FC Elite Arizona 2014 Boys,external
AZ Arsenal 14 Boys Teal CB,ext_940673f36f53,AZ Arsenal 14 Boys Teal CB,external
SFC XOLOS ARIZONA 2015B,ext_dc84e3a69dba,SFC XOLOS ARIZONA 2015B,external
Next Level Soccer Southeast 2015 Boys Red,ext_5bd0ad19e8de,Next Level Soccer Southeast 2015 Boys Red,external
U-10 (2015) Boys San Luis Blue,ext_7a536a9d2b1c,U-10 (2015) Boys San Luis Blue,external
2014B Academy Blue,ext_391fb433c171,2014B Academy Blue,external
Next Level Soccer Northwest 2014 Boys,ext_576de7219fb1,Next Level Soccer Northwest 2014 Boys,external
Vegas United ‘15 Boys Elite,ext_e80cfe0318f3,Vegas United ‘15 Boys Elite,external
Fury FC B2015,ext_c5b1df0ba88a,Fury FC B2015,external
15B Vyas,ext_7638f3d5ba4f,15B Vyas,external
Albion SC Santa Ana B15 Academy,ext_1dab69c01dc9,Albion SC Santa Ana B15 Academy,external
AZ Inferno 15 Boys Black,ext_188d4237fea6,AZ Inferno 15 Boys Black,external
15B Garza/Bernal-3,ext_1cbe9634a1ca,15B Garza/Bernal-3,external
Daybreak 15B Blue,ext_ae39356475b8,Daybreak 15B Blue,external
Brazas FC 2014 Gold Rigo,ext_f6a11b3564e3,Brazas FC 2014 Gold Rigo,external
16B GSA,ext_715a455b604e,16B GSA,external
15B Chacon,ext_ffbd74c970fa,15B Chacon,external
Tuzos Royals 14 Pre-Academy,ext_d7446332f8e1,Tuzos Royals 14 Pre-Academy,external
14B Hermanson 1,ext_549aa46653ee,14B Hermanson 1,external
Argentina 14b,ext_34cb2af3502c,Argentina 14b,external
Excel Soccer Academy 14B Red,ext_ad901c81f09a,Excel Soccer Academy 14B Red,external
VSC 2015 Boys White,ext_29651f70c161,VSC 2015 Boys White,external
South Valley Soccer Club Scorpions,ext_6f9c9801f105,South Valley Soccer Club Scorpions,external
FC ARIZONA 15 PURTELL,ext_1ea4728392e3,FC ARIZONA 15 PURTELL,external
Central 14B Select I,ext_5a188cc2e1cc,Central 14B Select I,external
Northwest United B15 Blk,ext_b9acebaf8a79,Northwest United B15 Blk,external
Mellindo FC 2015 A,ext_34c03840a95e,Mellindo FC 2015 A,external
AZEV B2014 (WHITE),ext_2b8d9d17b6f7,AZEV B2014 (WHITE),external
SC Union Cobras El Paso 2015,ext_3e0c80d64c4d,SC Union Cobras El Paso 2015,external
Next Level Soccer Southeast 2015 Boys Blue,ext_70c974ee9096,Next Level Soccer Southeast 2015 Boys Blue,external
Tuzos Mesa 2015,ext_39880e374e82,Tuzos Mesa 2015,external
Real CO 2015 Boys Sporting,ext_79a01963e94b,Real CO 2015 Boys Sporting,external
Tuzos Royals 2015,ext_1cd6c90bac1e,Tuzos Royals 2015,external
2015 Elite,ext_376e998bba46,2015 Elite,external
Black Mambas,ext_c0cba4584ab7,Black Mambas,external
15B IGerman,ext_fcde358f18d2,15B IGerman,external
EV-NSFC 15 Boys Smith(3),ext_7a44280ec5e9,EV-NSFC 15 Boys Smith(3),external
15B Blue Arviso #1,ext_3184865b77c7,15B Blue Arviso #1,external
PRFC Southeast Valley 15B Predator,ext_124353518db7,PRFC Southeast Valley 15B Predator,external
VSC 2014 Boys White,ext_18e6e723bbad,VSC 2014 Boys White,external
PRFC Desert Foothills 14B Pre-Academy,ext_3490e00cf97a,PRFC Desert Foothills 14B Pre-Academy,external
RSL-AZ Yuma 15 Boys Patino,ext_60953a8a431d,RSL-AZ Yuma 15 Boys Patino,external
Tuzos Legends,ext_fe6d3fbf1eaf,Tuzos Legends,external
Phoenix United 2014 Mendez,ext_c7a96255fb0c,Phoenix United 2014 Mendez,external
AZ Arsenal 15 Boys Teal 2 BD,ext_41ad113b71cf,AZ Arsenal 15 Boys Teal 2 BD,external
BVB IA LV 2015 Black,ext_f73838ae0c49,BVB IA LV 2015 Black,external
UAC 15B Academy,ext_f1ef21fb1715,UAC 15B Academy,external
FRAM B15 Pre Elite Academy,ext_5f3e119039c9,FRAM B15 Pre Elite Academy,external
Players 15 Boys Junior Academy,ext_35fa7dad71f6,Players 15 Boys Junior Academy,external
NM Rapids 2015B Wolfpack,ext_892551f5e3db,NM Rapids 2015B Wolfpack,external
Eagles F.C.,ext_f340d0779b9d,Eagles F.C.,external
15B Blue West #1,ext_83a976d5637b,15B Blue West #1,external
Select 14/15B Red,ext_bfbc225a7eae,Select 14/15B Red,external
P2P Academy 2015,ext_b035bdc4bc38,P2P Academy 2015,external
AZ Arsenal 16 Boys Teal 1,ext_b99b278e5272,AZ Arsenal 16 Boys Teal 1,external
Playmaker Futbol Academy 14B White,ext_a96ca441a663,Playmaker Futbol Academy 14B White,external
PRFC Southeast Valley 15B Copa,ext_92b76dc97cfe,PRFC Southeast Valley 15B Copa,external
Select 14B,ext_6e718a4fa471,Select 14B,external
AZ United Soccer Academy 15B,ext_6f0fc0ec7943,AZ United Soccer Academy 15B,external
AYSO 1079 2015/16 Boys,ext_25d17ee3c6c6,AYSO 1079 2015/16 Boys,external
Phoenix United 17 Elite,ext_48bea5e94052,Phoenix United 17 Elite,external
CCV Stars 13 Boys Orange SUR,ext_50d3a6accd23,CCV Stars 13 Boys Orange SUR,external
Carlsbad B15 Premier - O’Mahoney,ext_7e584d1d74c4,Carlsbad B15 Premier - O’Mahoney,external
Flagstaff Revolution 2015 Boys,ext_3ef159b7f19d,Flagstaff Revolution 2015 Boys,external
Coppermine SC 2015 Boys Pre-Academy I,ext_d13a9016a3bb,Coppermine SC 2015 Boys Pre-Academy I,external
U-10 (2015) Boys Pre Academy,ext_536c33ad595f,U-10 (2015) Boys Pre Academy,external
CDO 16B Elite,ext_5bd2a60acef4,CDO 16B Elite,external
Atletico Tuzos Mesa 2015,ext_180ebb732f2e,Atletico Tuzos Mesa 2015,external
Legends FC AZ 14B FC,ext_c3caa5adfcfc,Legends FC AZ 14B FC,external
2014 Locomotive Blue,ext_967095c37774,2014 Locomotive Blue,external
Select 15B,ext_f9d7f6c7b56a,Select 15B,external
North Scottsdale 15 Sandsharks Select,ext_7eb1eae156fd,North Scottsdale 15 Sandsharks Select,external
VSC 2014 Boys Green,ext_caf8506ca491,VSC 2014 Boys Green,external
PRFC Southeast Valley 14B Pre-Academy,ext_fe4960cb7e30,PRFC Southeast Valley 14B Pre-Academy,external
Verde Valley United FC,ext_3fead46957b9,Verde Valley United FC,external
14B Flores,ext_ece12468c03c,14B Flores,external
Real 2015 Boys National,ext_c56f1dbea7f8,Real 2015 Boys National,external
B14 HR,ext_ed70c31b3279,B14 HR,external
Synergy FC 14 B,ext_b2ea6cfd3f01,Synergy FC 14 B,external
PSG 14B Blue,ext_de7679d770e9,PSG 14B Blue,external
AZSC 13B Sobek,ext_a77573f929f4,AZSC 13B Sobek,external
Freedom Roadrunners,ext_2c6196e07033,Freedom Roadrunners,external
Next Level Soccer Southeast 2015 Boys Green,ext_38157d74ce56,Next Level Soccer Southeast 2015 Boys Green,external
CDO 16B Premier,ext_513e61c0d2c8,CDO 16B Premier,external
East Valley NSFC 15 Boys Klein,ext_2c32691e6637,East Valley NSFC 15 Boys Klein,external
XF B15 RCL1,ext_dc87bd2c1689,XF B15 RCL1,external
14B Al,ext_9455f4784b9e,14B Al,external
BVBIA 14B North America,ext_2f5769893847,BVBIA 14B North America,external
State 48 FC 14 White,ext_2911d67b1ef4,State 48 FC 14 White,external
AZ Arsenal 15 Boys Teal 2 CC,ext_25115b1dd530,AZ Arsenal 15 Boys Teal 2 CC,external
PRFC North Valley 15B Copa,ext_d0a3904d6edb,PRFC North Valley 15B Copa,external
ESC - Boys Chandler 15/16,ext_f750d9004696,ESC - Boys Chandler 15/16,external
Scottsdale 15 Sandsharks Black,ext_ba6c39ff985e,Scottsdale 15 Sandsharks Black,external
Schneider Futsal Academy 2015,ext_e32292fe4a3c,Schneider Futsal Academy 2015,external
B2015 Red,ext_3580d4eb0a11,B2015 Red,external
AZSC 14B Azanger,ext_a1e6525ae569,AZSC 14B Azanger,external
2014/15 Locomotive Blue-LC,ext_50891b52bab3,2014/15 Locomotive Blue-LC,external
CAC 15/16B (Conroy),ext_37e0577fb6dc,CAC 15/16B (Conroy),external
Phoenix Premier FC 14B Black,ext_b7da3345185a,Phoenix Premier FC 14B Black,external
15B Becerra,ext_b17664e47d5f,15B Becerra,external
CDO 15B Alliance,ext_6bce987156d8,CDO 15B Alliance,external
Madison FC 2015 Boys Blue,ext_494728294c3a,Madison FC 2015 Boys Blue,external
Next Level Soccer Northwest 2015 Girls,ext_ef41b070b88e,Next Level Soccer Northwest 2015 Girls,external
14B E64 #1,ext_7327876ca6d6,14B E64 #1,external
Central Coast FC 15 Black,ext_e907650eac7c,Central Coast FC 15 Black,external
Prime FC 2015 Boys,ext_78c988d449b8,Prime FC 2015 Boys,external
AZ Arsenal 14 Boys Teal MC,ext_f9890f653a9b,AZ Arsenal 14 Boys Teal MC,external
Douglas Cobras,ext_67ff0cb84369,Douglas Cobras,external
Players 15 Boys Junior Elite,ext_38eedb5cf73f,Players 15 Boys Junior Elite,external
LV Heat Surf 15B Select Blue Henderson,ext_c9e655806386,LV Heat Surf 15B Select Blue Henderson,external
LUFC B2015 Blue EA,ext_ce32143447ff,LUFC B2015 Blue EA,external
FSC United 15 Boys,ext_cb809072b416,FSC United 15 Boys,external
Eastside FC B14 White,ext_d3f7d238c255,Eastside FC B14 White,external
East Valley NSFC 14 Boys Aguirre,ext_e9e8a4d7ff7b,East Valley NSFC 14 Boys Aguirre,external
2015B Locomotive EPPL J. Romero-LC,ext_3f62a513b2ab,2015B Locomotive EPPL J. Romero-LC,external
AZ Arsenal 14 Boys Verde Valley,ext_91076761ff1b,AZ Arsenal 14 Boys Verde Valley,external
14 Pre-MLSN #2,ext_aee0e681b5e3,14 Pre-MLSN #2,external
Cobre Mountain Roadrunners 5,ext_79e9a21d5db6,Cobre Mountain Roadrunners 5,external
Milan,ext_50a3eb139b08,Milan,external
U-10 (2015) Girls Pre Academy,ext_1f5b6798b929,U-10 (2015) Girls Pre Academy,external
AZSC 14B Perez,ext_774ec6b02ba7,AZSC 14B Perez,external
PRFC North Valley 14B Predator,ext_20f7ac34c1b0,PRFC North Valley 14B Predator,external
14B Hinds,ext_d3dd4bb1df0c,14B Hinds,external
AZSC 2014B Azanger- Indoor Only,ext_8903f784a316,AZSC 2014B Azanger- Indoor Only,external
Eastside FC - B15 Blue,ext_d5b7b8f0f890,Eastside FC - B15 Blue,external
14 Boys Soul Warriors,ext_4d01296434fe,14 Boys Soul Warriors,external
EV-NSFC 15 Boys Perez(1),ext_8d560dfeb37c,EV-NSFC 15 Boys Perez(1),external
16B KChacon,ext_3508ca605b2c,16B KChacon,external
14B Hermanson 2,ext_f1e9df40848c,14B Hermanson 2,external
BVB IA LV 2014 Yellow,ext_866f19a85dab,BVB IA LV 2014 Yellow,external
ALBION SC Las Vegas B15 Academy I,ext_efdbe9580fed,ALBION SC Las Vegas B15 Academy I,external
16B Wagner,ext_3a5283fcada7,16B Wagner,external
Cobras 2015-,ext_a8c4e9925b70,Cobras 2015-,external
14B GSA,ext_4d69cd4aebad,14B GSA,external
BVB 14B Puma (F: AYSES 14B Black),ext_a00e4c013e9b,BVB 14B Puma (F: AYSES 14B Black),external
BRUSA FC 2015/16,ext_c17f96f9ac61,BRUSA FC 2015/16,external
AZEV B2014 (NAVY),ext_9bb45a968e31,AZEV B2014 (NAVY),external
Eliminators 2015 Yellow,ext_af6d1edbea75,Eliminators 2015 Yellow,external
Worldwide Soccer Club B2015A,ext_8b468ccb6e10,Worldwide Soccer Club B2015A,external
PRFC Southeast Valley 15B Samba,ext_4f96a7cad9dd,PRFC Southeast Valley 15B Samba,external
Salsa 2015,ext_a9db2e646459,Salsa 2015,external
FC Arizona 14B Black GFC Suenaga U12,ext_124a42471dfd,FC Arizona 14B Black GFC Suenaga U12,external
15B Gold,ext_a84c8ba0a688,15B Gold,external
Phoenix Valley Soccer Club boys 2014,ext_5d1bfa7c759f,Phoenix Valley Soccer Club boys 2014,external
El Paso Football Club U10 BLUE,ext_67f0401081b5,El Paso Football Club U10 BLUE,external
RSLAZ Southern Rayados Az 2015 White,ext_f2397f53a556,RSLAZ Southern Rayados Az 2015 White,external
AZ Arsenal Pre-ECNL B14,ext_a9aa71c9d486,AZ Arsenal Pre-ECNL B14,external
Madison FC 14 Blue Boys,ext_0f6790198697,Madison FC 14 Blue Boys,external
PSG Brasil  2015 (Brazil),ext_220497b11686,PSG Brasil  2015 (Brazil),external
South 14B Burgundy,ext_e4b206fb65e0,South 14B Burgundy,external
FC Deportivo AZ 2014B (Gallegos),ext_b5cc4dbea554,FC Deportivo AZ 2014B (Gallegos),external
NOS Santos 15 Boys White,ext_821081c9b827,NOS Santos 15 Boys White,external
2014 Tuzos Academy FV,ext_185c4b018a32,2014 Tuzos Academy FV,external
Sting Attack B15 A Sarmiento Elite,ext_40f442774ff8,Sting Attack B15 A Sarmiento Elite,external
15B Blue Arviso #2,ext_931b5d0853ac,15B Blue Arviso #2,external
SASC 2015B Cardinals Jimenez,ext_ef5255891c5e,SASC 2015B Cardinals Jimenez,external
CDO 14B Premier,ext_fba28be81b6b,CDO 14B Premier,external
Synergy FC 15/16B,ext_681bad86e0e3,Synergy FC 15/16B,external
15B Blue Bennett,ext_fed939540941,15B Blue Bennett,external
2016 Boys (Pena),ext_e0aeab9751f1,2016 Boys (Pena),external
Rayados LV Academy 2015 Blue,ext_1ef3d39b412b,Rayados LV Academy 2015 Blue,external
Ocelot Academy B2015 II,ext_8521e68fa09a,Ocelot Academy B2015 II,external
FC Deportivo AZ 2015B (Gallegos),ext_b4691b2ab3af,FC Deportivo AZ 2015B (Gallegos),external
Pre-ECNL RL B15,ext_c1a906ee2223,Pre-ECNL RL B15,external
Playmaker Futbol Academy 14B Black,ext_c4d196614f00,Playmaker Futbol Academy 14B Black,external
Henderson LVSA '15B Black,ext_64aad14b837a,Henderson LVSA '15B Black,external
15B Tesensky,ext_7a84df72a89e,15B Tesensky,external
14B Engilman,ext_4977984543bf,14B Engilman,external
Sun Warriors 15/16 Boys,ext_8cf95e7d7893,Sun Warriors 15/16 Boys,external
CCV STARS 15 Boys Orange EAV,ext_67bc08688838,CCV STARS 15 Boys Orange EAV,external
PRFC North Valley14B Predator,ext_463d1a022d0a,PRFC North Valley14B Predator,external
Valencia 2015 Black,ext_167ecbe2e668,Valencia 2015 Black,external
White 2015,ext_ad1930d58c69,White 2015,external
FC Sonora 14' B Dynamo,ext_8c19cc7f9216,FC Sonora 14' B Dynamo,external
329 Rangers 14B,ext_ac94ee27b779,329 Rangers 14B,external
Hawaii Rush 15B,ext_b7c3cf482f50,Hawaii Rush 15B,external
ALBION SC Las Vegas B14 Academy IV,ext_f2c956113b4b,ALBION SC Las Vegas B14 Academy IV,external
Madison FC 2015 Boys Gold,ext_45660c3242a1,Madison FC 2015 Boys Gold,external
Sun Warriors 15/16 Boys Sixtos,ext_d51bcca5064b,Sun Warriors 15/16 Boys Sixtos,external
PSG 15B Red,ext_7d7e8d2ba990,PSG 15B Red,external
Rayitos 14B2,ext_63e3532b0824,Rayitos 14B2,external
Wolves 15B,ext_02a4314e589c,Wolves 15B,external
RSLAZ Southern 15B Rayados Red,ext_30d9af783360,RSLAZ Southern 15B Rayados Red,external
15B Garza/Bernal-1,ext_fb26491260a8,15B Garza/Bernal-1,external
Phoenix United 2014B West,ext_4b4836c2a09a,Phoenix United 2014B West,external
BRAZAS FC 2015 Boys White,ext_15fa13f4e2a7,BRAZAS FC 2015 Boys White,external
Legends FC AZ 14B Black,ext_95b5c00ec9cd,Legends FC AZ 14B Black,external
Vanguardia Cougars Hermosillo 2015,ext_a9fa3e4b5595,Vanguardia Cougars Hermosillo 2015,external
2015 Boys Yellow,ext_b5cf2862aad6,2015 Boys Yellow,external
Northern 14 B Red,ext_a2c08b523280,Northern 14 B Red,external
14 Boys Navy,ext_7c7ad4180e99,14 Boys Navy,external
State 48 FC 15 Black,ext_a759366da430,State 48 FC 15 Black,external
CDO 13B Elite,ext_29a14ea00ce7,CDO 13B Elite,external
Utah United Academy 2015,ext_27d6cb1b9914,Utah United Academy 2015,external
CCV STARS 14 Boys Navy LAV,ext_aaaaf70b8ac8,CCV STARS 14 Boys Navy LAV,external
Phoenix Premier FC 15B SW,ext_2838409a7aef,Phoenix Premier FC 15B SW,external
Atletico Tuzos Mesa 2014,ext_69835590fc0c,Atletico Tuzos Mesa 2014,external
Next Level Soccer Northwest 2015 Boys Red,ext_7c3943caa040,Next Level Soccer Northwest 2015 Boys Red,external
AYSO 216 10UB PSP Gila Valley Ninjas,ext_6ca136c373f8,AYSO 216 10UB PSP Gila Valley Ninjas,external
PRFC Scottsdale 14B Pre-Academy,ext_f6156351ddbb,PRFC Scottsdale 14B Pre-Academy,external
Playmaker Futbol Academy 15B Black,ext_e81610d53b93,Playmaker Futbol Academy 15B Black,external
15B Blue East #1,ext_3dfbb56db47c,15B Blue East #1,external
RSLAZ Southern 15B Rayados Blue,ext_0a5b12f0246d,RSLAZ Southern 15B Rayados Blue,external
Tuzos Academy GTA 2016,ext_ff47e7f20137,Tuzos Academy GTA 2016,external
15B Sanchez,ext_dbac0c392494,15B Sanchez,external
B15 Black,ext_e8d1c88ad930,B15 Black,external
Real Arizona 2014,ext_2d9503d95061,Real Arizona 2014,external
PRFC Scottsdale 15B Samba,ext_4f6409fb3af7,PRFC Scottsdale 15B Samba,external
Corona B15 Aguirre,ext_3404be9ab559,Corona B15 Aguirre,external
AZ Inferno 14 Boys Black,ext_6fe96333df80,AZ Inferno 14 Boys Black,external
14,ext_faef8a471aa7,14,external
FCDA 14B Academy,ext_fd40ec71709c,FCDA 14B Academy,external
Tuzos Royals 2014,ext_69da54551220,Tuzos Royals 2014,external
B15 Academy I,ext_365b5bb72308,B15 Academy I,external
AZ Arsenal 15 Boys Flagstaff,ext_a9e62b25ec91,AZ Arsenal 15 Boys Flagstaff,external
Legends FC AZ 15B Gold,ext_9ae330dc5848,Legends FC AZ 15B Gold,external
ACADEMY B14 - EA2,ext_059745fa58e6,ACADEMY B14 - EA2,external
2015 Club Rayos,ext_a3069cb9ffc0,2015 Club Rayos,external
Kingman SC B15/16-Gonzalez,ext_e1053a18e323,Kingman SC B15/16-Gonzalez,external
Atletico Tuzos Guerrero 2015,ext_c27232c7fd76,Atletico Tuzos Guerrero 2015,external
ROA 2014 Blue,ext_32e9ba6fe01c,ROA 2014 Blue,external
Santos 15B,ext_2444ebc44a31,Santos 15B,external
PRFC North Valley 14B Copa,ext_3abebaf45910,PRFC North Valley 14B Copa,external
CCV STARS 14 Boys Orange PEO,ext_822a6961c77a,CCV STARS 14 Boys Orange PEO,external
15 Pre-MLS Next Tier #2,ext_f8ffaec3b986,15 Pre-MLS Next Tier #2,external
AZ Arsenal 15 Boys AYDP,ext_cbbb7fa3cad4,AZ Arsenal 15 Boys AYDP,external
OJB FC 2015 Boys,ext_1eee63ba8ed8,OJB FC 2015 Boys,external
EXCEL24FallU11B1Lee,ext_73eda369ad33,EXCEL24FallU11B1Lee,external
15B FC,ext_061dc0272adf,15B FC,external
PRFC North Valley 15B PreAcademy,ext_cfcc3a461c77,PRFC North Valley 15B PreAcademy,external
CCV STARS 15 Boys Navy PEO,ext_25a02f0ada92,CCV STARS 15 Boys Navy PEO,external
2014 Boys Yellow,ext_b280e79a3bbb,2014 Boys Yellow,external
PRFC Desert Foothills 14B Predator,ext_2b4a9763bed8,PRFC Desert Foothills 14B Predator,external
2015B,ext_7abbfff7fb35,2015B,external
15B Summers,ext_bce722d1608b,15B Summers,external
14B Bratcher,ext_b4de814944e1,14B Bratcher,external
FC Elite Arizona 2014/15 Boys,ext_6cc1599d7b4c,FC Elite Arizona 2014/15 Boys,external
PRFC Southeast Valley 14B Predator-Central,ext_c4484b64db13,PRFC Southeast Valley 14B Predator-Central,external
CCV STARS 15 Boys LAV,ext_bfa1f4327a8b,CCV STARS 15 Boys LAV,external
14B Velasco Pre-MLS Next,ext_00521895e721,14B Velasco Pre-MLS Next,external
Outlaws 2014B,ext_0446d30394dc,Outlaws 2014B,external
Next Level Soccer Southeast 2016 Boys Black,ext_3b7baab8cb23,Next Level Soccer Southeast 2016 Boys Black,external
CCV STARS 15 Boys Red PEO,ext_5791cc9f3a96,CCV STARS 15 Boys Red PEO,external
PRFC Desert Foothills 16B Predator,ext_f2c9b032212f,PRFC Desert Foothills 16B Predator,external
AYSO United White 14 B,ext_d662e53eaea8,AYSO United White 14 B,external
Phoenix United FC 2014 Premier,ext_4490fdeb4c51,Phoenix United FC 2014 Premier,external
15B Campos,ext_86515dae1816,15B Campos,external
Excel Soccer Academy 15 Red,ext_139153d48f33,Excel Soccer Academy 15 Red,external
AYSO United Blue 14 B,ext_cd657730ada2,AYSO United Blue 14 B,external
Verde Valley United FC - U10 Boys,ext_3306ffca5779,Verde Valley United FC - U10 Boys,external
WMFC Highlanders 10U Coed (2015-17),ext_28197eb90e17,WMFC Highlanders 10U Coed (2015-17),external
2014B Felix Nogales,ext_fdb24824e976,2014B Felix Nogales,external
FCDA 2015/16B Pre - Academy,ext_abb78241e2d0,FCDA 2015/16B Pre - Academy,external
RSL-AZ Yuma 14 Boys Quinonez,ext_10e0994c88fb,RSL-AZ Yuma 14 Boys Quinonez,external
Arizona Brown's A,ext_5376209ab24f,Arizona Brown's A,external
B15 Elite,ext_8c54abcf961e,B15 Elite,external
State 48 FC 16 Black,ext_2da5201ba9aa,State 48 FC 16 Black,external
Las Vegas Sports Academy U11 Boys Black 2014,ext_0a7d01481496,Las Vegas Sports Academy U11 Boys Black 2014,external
TFA-SELA B2015 Red,ext_d89ee15ba11c,TFA-SELA B2015 Red,external
INVICTUS 2015,ext_08c8ead9b0b1,INVICTUS 2015,external
B15 Green,ext_15b00cb6e01b,B15 Green,external
AZ Arsenal 14 Boys Teal CJB,ext_a1d258fa7b34,AZ Arsenal 14 Boys Teal CJB,external
Idaho Rush 14 Blue,ext_843f85bb4475,Idaho Rush 14 Blue,external
RSLAZ Southern Rayados Az 2015 Blue,ext_c489b88dd25f,RSLAZ Southern Rayados Az 2015 Blue,external
NMSA 2015 Boys,ext_9b42a558568b,NMSA 2015 Boys,external
15B Hermanson,ext_04c66c22e891,15B Hermanson,external
Next Level Soccer Southeast 2015 Boys Black,ext_11edc1ff9c26,Next Level Soccer Southeast 2015 Boys Black,external
RSL-AZ Yuma 15 Boys Guzman,ext_fc4f302e1c87,RSL-AZ Yuma 15 Boys Guzman,external
CCV STARS 14 Boys White PEO,ext_11dd12250676,CCV STARS 14 Boys White PEO,external
